text,humor
"The big bend, a u-shaped skyscraper, could become the longest in the world",
"The big bend, a u-shaped skyscraper, could become the longest in the world",
"The big bend, a u-shaped skyscraper, could become the longest in the world",
"The big bend, a u-shaped skyscraper, could become the longest in the world",
"The big bend, a u-shaped skyscraper, could become the longest in the world",
"The big bend, a u-shaped skyscraper, could become the longest in the world",
"The big bend, a u-shaped skyscraper, could become the longest in the world",
"The big bend, a u-shaped skyscraper, could become the longest in the world",
"The big bend, a u-shaped skyscraper, could become the longest in the world",
"The big bend, a u-shaped skyscraper, could become the longest in the world",
"The big bend, a u-shaped skyscraper, could become the longest in the world",
"The big bend, a u-shaped skyscraper, could become the longest in the world",
"The big bend, a u-shaped skyscraper, could become the longest in the world",
"The big bend, a u-shaped skyscraper, could become the longest in the world",
"The big bend, a u-shaped skyscraper, could become the longest in the world",
"The big bend, a u-shaped skyscraper, could become the longest in the world",
"The big bend, a u-shaped skyscraper, could become the longest in the world",
"The big bend, a u-shaped skyscraper, could become the longest in the world",
"The big bend, a u-shaped skyscraper, could become the longest in the world",
"The big bend, a u-shaped skyscraper, could become the longest in the world",
"The big bend, a u-shaped skyscraper, could become the longest in the world",
"The big bend, a u-shaped skyscraper, could become the longest in the world",
"The big bend, a u-shaped skyscraper, could become the longest in the world",
"The big bend, a u-shaped skyscraper, could become the longest in the world",
"The big bend, a u-shaped skyscraper, could become the longest in the world",
"The big bend, a u-shaped skyscraper, could become the longest in the world",
"The big bend, a u-shaped skyscraper, could become the longest in the world",
"The big bend, a u-shaped skyscraper, could become the longest in the world",
"The big bend, a u-shaped skyscraper, could become the longest in the world",
"The big bend, a u-shaped skyscraper, could become the longest in the world",
"The big bend, a u-shaped skyscraper, could become the longest in the world",
"The big bend, a u-shaped skyscraper, could become the longest in the world",
"The big bend, a u-shaped skyscraper, could become the longest in the world",
"The big bend, a u-shaped skyscraper, could become the longest in the world",
"The big bend, a u-shaped skyscraper, could become the longest in the world",
"The big bend, a u-shaped skyscraper, could become the longest in the world",
"The big bend, a u-shaped skyscraper, could become the longest in the world",
"The big bend, a u-shaped skyscraper, could become the longest in the world",
"The big bend, a u-shaped skyscraper, could become the longest in the world",
"The big bend, a u-shaped skyscraper, could become the longest in the world",
"The big bend, a u-shaped skyscraper, could become the longest in the world",
"The big bend, a u-shaped skyscraper, could become the longest in the world",
"The big bend, a u-shaped skyscraper, could become the longest in the world",
"The big bend, a u-shaped skyscraper, could become the longest in the world",
"The big bend, a u-shaped skyscraper, could become the longest in the world",
"The big bend, a u-shaped skyscraper, could become the longest in the world",
"The big bend, a u-shaped skyscraper, could become the longest in the world",
"The big bend, a u-shaped skyscraper, could become the longest in the world",
"The big bend, a u-shaped skyscraper, could become the longest in the world",
"The big bend, a u-shaped skyscraper, could become the longest in the world",
"The big bend, a u-shaped skyscraper, could become the longest in the world",
"The big bend, a u-shaped skyscraper, could become the longest in the world",
"The big bend, a u-shaped skyscraper, could become the longest in the world",
"The big bend, a u-shaped skyscraper, could become the longest in the world",
"The big bend, a u-shaped skyscraper, could become the longest in the world",
"The big bend, a u-shaped skyscraper, could become the longest in the world",
"The big bend, a u-shaped skyscraper, could become the longest in the world",
"The big bend, a u-shaped skyscraper, could become the longest in the world",
"The big bend, a u-shaped skyscraper, could become the longest in the world",
"The big bend, a u-shaped skyscraper, could become the longest in the world",
"The big bend, a u-shaped skyscraper, could become the longest in the world",
"The big bend, a u-shaped skyscraper, could become the longest in the world",
"The big bend, a u-shaped skyscraper, could become the longest in the world",
"The big bend, a u-shaped skyscraper, could become the longest in the world",
